"TIME","GEO","PRODUCT","CONSOM","UNIT","TAX","CURRENCY","Value","Flag and Footnotes"
"2007S1","Spain","Electrical energy","Band DC : 2 500 kWh < Consumption < 5 000 kWh","Kilowatt-hour","Excluding taxes and levies","Euro",":",""
"2007S1","Spain","Electrical energy","Band DC : 2 500 kWh < Consumption < 5 000 kWh","Kilowatt-hour","Excluding taxes and levies","Purchasing Power Standard",":",""
"2007S1","Spain","Electrical energy","Band DC : 2 500 kWh < Consumption < 5 000 kWh","Kilowatt-hour","Excluding taxes and levies","National currency",":",""
"2007S1","Spain","Electrical energy","Band DC : 2 500 kWh < Consumption < 5 000 kWh","Kilowatt-hour","Excluding VAT and other recoverable taxes and levies","Euro",":",""
"2007S1","Spain","Electrical energy","Band DC : 2 500 kWh < Consumption < 5 000 kWh","Kilowatt-hour","Excluding VAT and other recoverable taxes and levies","Purchasing Power Standard",":",""
"2007S1","Spain","Electrical energy","Band DC : 2 500 kWh < Consumption < 5 000 kWh","Kilowatt-hour","Excluding VAT and other recoverable taxes and levies","National currency",":",""
"2007S1","Spain","Electrical energy","Band DC : 2 500 kWh < Consumption < 5 000 kWh","Kilowatt-hour","All taxes and levies included","Euro",":",""
"2007S1","Spain","Electrical energy","Band DC : 2 500 kWh < Consumption < 5 000 kWh","Kilowatt-hour","All taxes and levies included","Purchasing Power Standard",":",""
"2007S1","Spain","Electrical energy","Band DC : 2 500 kWh < Consumption < 5 000 kWh","Kilowatt-hour","All taxes and levies included","National currency",":",""
"2007S2","Spain","Electrical energy","Band DC : 2 500 kWh < Consumption < 5 000 kWh","Kilowatt-hour","Excluding taxes and levies","Euro","0.1152",""
"2007S2","Spain","Electrical energy","Band DC : 2 500 kWh < Consumption < 5 000 kWh","Kilowatt-hour","Excluding taxes and levies","Purchasing Power Standard","0.1283",""
"2007S2","Spain","Electrical energy","Band DC : 2 500 kWh < Consumption < 5 000 kWh","Kilowatt-hour","Excluding taxes and levies","National currency","0.1152",""
"2007S2","Spain","Electrical energy","Band DC : 2 500 kWh < Consumption < 5 000 kWh","Kilowatt-hour","Excluding VAT and other recoverable taxes and levies","Euro","0.1211",""
"2007S2","Spain","Electrical energy","Band DC : 2 500 kWh < Consumption < 5 000 kWh","Kilowatt-hour","Excluding VAT and other recoverable taxes and levies","Purchasing Power Standard","0.1349",""
"2007S2","Spain","Electrical energy","Band DC : 2 500 kWh < Consumption < 5 000 kWh","Kilowatt-hour","Excluding VAT and other recoverable taxes and levies","National currency","0.1211",""
"2007S2","Spain","Electrical energy","Band DC : 2 500 kWh < Consumption < 5 000 kWh","Kilowatt-hour","All taxes and levies included","Euro","0.1400",""
"2007S2","Spain","Electrical energy","Band DC : 2 500 kWh < Consumption < 5 000 kWh","Kilowatt-hour","All taxes and levies included","Purchasing Power Standard","0.1559",""
"2007S2","Spain","Electrical energy","Band DC : 2 500 kWh < Consumption < 5 000 kWh","Kilowatt-hour","All taxes and levies included","National currency","0.1400",""
"2008S1","Spain","Electrical energy","Band DC : 2 500 kWh < Consumption < 5 000 kWh","Kilowatt-hour","Excluding taxes and levies","Euro","0.1124",""
"2008S1","Spain","Electrical energy","Band DC : 2 500 kWh < Consumption < 5 000 kWh","Kilowatt-hour","Excluding taxes and levies","Purchasing Power Standard","0.1219",""
"2008S1","Spain","Electrical energy","Band DC : 2 500 kWh < Consumption < 5 000 kWh","Kilowatt-hour","Excluding taxes and levies","National currency","0.1124",""
"2008S1","Spain","Electrical energy","Band DC : 2 500 kWh < Consumption < 5 000 kWh","Kilowatt-hour","Excluding VAT and other recoverable taxes and levies","Euro","0.1182",""
"2008S1","Spain","Electrical energy","Band DC : 2 500 kWh < Consumption < 5 000 kWh","Kilowatt-hour","Excluding VAT and other recoverable taxes and levies","Purchasing Power Standard","0.1282",""
"2008S1","Spain","Electrical energy","Band DC : 2 500 kWh < Consumption < 5 000 kWh","Kilowatt-hour","Excluding VAT and other recoverable taxes and levies","National currency","0.1182",""
"2008S1","Spain","Electrical energy","Band DC : 2 500 kWh < Consumption < 5 000 kWh","Kilowatt-hour","All taxes and levies included","Euro","0.1366",""
"2008S1","Spain","Electrical energy","Band DC : 2 500 kWh < Consumption < 5 000 kWh","Kilowatt-hour","All taxes and levies included","Purchasing Power Standard","0.1482",""
"2008S1","Spain","Electrical energy","Band DC : 2 500 kWh < Consumption < 5 000 kWh","Kilowatt-hour","All taxes and levies included","National currency","0.1366",""
"2008S2","Spain","Electrical energy","Band DC : 2 500 kWh < Consumption < 5 000 kWh","Kilowatt-hour","Excluding taxes and levies","Euro","0.1277",""
"2008S2","Spain","Electrical energy","Band DC : 2 500 kWh < Consumption < 5 000 kWh","Kilowatt-hour","Excluding taxes and levies","Purchasing Power Standard","0.1385",""
"2008S2","Spain","Electrical energy","Band DC : 2 500 kWh < Consumption < 5 000 kWh","Kilowatt-hour","Excluding taxes and levies","National currency","0.1277",""
"2008S2","Spain","Electrical energy","Band DC : 2 500 kWh < Consumption < 5 000 kWh","Kilowatt-hour","Excluding VAT and other recoverable taxes and levies","Euro","0.1342",""
"2008S2","Spain","Electrical energy","Band DC : 2 500 kWh < Consumption < 5 000 kWh","Kilowatt-hour","Excluding VAT and other recoverable taxes and levies","Purchasing Power Standard","0.1456",""
"2008S2","Spain","Electrical energy","Band DC : 2 500 kWh < Consumption < 5 000 kWh","Kilowatt-hour","Excluding VAT and other recoverable taxes and levies","National currency","0.1342",""
"2008S2","Spain","Electrical energy","Band DC : 2 500 kWh < Consumption < 5 000 kWh","Kilowatt-hour","All taxes and levies included","Euro","0.1557",""
"2008S2","Spain","Electrical energy","Band DC : 2 500 kWh < Consumption < 5 000 kWh","Kilowatt-hour","All taxes and levies included","Purchasing Power Standard","0.1689",""
"2008S2","Spain","Electrical energy","Band DC : 2 500 kWh < Consumption < 5 000 kWh","Kilowatt-hour","All taxes and levies included","National currency","0.1557",""
"2009S1","Spain","Electrical energy","Band DC : 2 500 kWh < Consumption < 5 000 kWh","Kilowatt-hour","Excluding taxes and levies","Euro","0.1294",""
"2009S1","Spain","Electrical energy","Band DC : 2 500 kWh < Consumption < 5 000 kWh","Kilowatt-hour","Excluding taxes and levies","Purchasing Power Standard","0.1372",""
"2009S1","Spain","Electrical energy","Band DC : 2 500 kWh < Consumption < 5 000 kWh","Kilowatt-hour","Excluding taxes and levies","National currency","0.1294",""
"2009S1","Spain","Electrical energy","Band DC : 2 500 kWh < Consumption < 5 000 kWh","Kilowatt-hour","Excluding VAT and other recoverable taxes and levies","Euro","0.1360",""
"2009S1","Spain","Electrical energy","Band DC : 2 500 kWh < Consumption < 5 000 kWh","Kilowatt-hour","Excluding VAT and other recoverable taxes and levies","Purchasing Power Standard","0.1442",""
"2009S1","Spain","Electrical energy","Band DC : 2 500 kWh < Consumption < 5 000 kWh","Kilowatt-hour","Excluding VAT and other recoverable taxes and levies","National currency","0.1360",""
"2009S1","Spain","Electrical energy","Band DC : 2 500 kWh < Consumption < 5 000 kWh","Kilowatt-hour","All taxes and levies included","Euro","0.1577",""
"2009S1","Spain","Electrical energy","Band DC : 2 500 kWh < Consumption < 5 000 kWh","Kilowatt-hour","All taxes and levies included","Purchasing Power Standard","0.1672",""
"2009S1","Spain","Electrical energy","Band DC : 2 500 kWh < Consumption < 5 000 kWh","Kilowatt-hour","All taxes and levies included","National currency","0.1577",""
"2009S2","Spain","Electrical energy","Band DC : 2 500 kWh < Consumption < 5 000 kWh","Kilowatt-hour","Excluding taxes and levies","Euro","0.1381",""
"2009S2","Spain","Electrical energy","Band DC : 2 500 kWh < Consumption < 5 000 kWh","Kilowatt-hour","Excluding taxes and levies","Purchasing Power Standard","0.1464",""
"2009S2","Spain","Electrical energy","Band DC : 2 500 kWh < Consumption < 5 000 kWh","Kilowatt-hour","Excluding taxes and levies","National currency","0.1381",""
"2009S2","Spain","Electrical energy","Band DC : 2 500 kWh < Consumption < 5 000 kWh","Kilowatt-hour","Excluding VAT and other recoverable taxes and levies","Euro","0.1452",""
"2009S2","Spain","Electrical energy","Band DC : 2 500 kWh < Consumption < 5 000 kWh","Kilowatt-hour","Excluding VAT and other recoverable taxes and levies","Purchasing Power Standard","0.1540",""
"2009S2","Spain","Electrical energy","Band DC : 2 500 kWh < Consumption < 5 000 kWh","Kilowatt-hour","Excluding VAT and other recoverable taxes and levies","National currency","0.1452",""
"2009S2","Spain","Electrical energy","Band DC : 2 500 kWh < Consumption < 5 000 kWh","Kilowatt-hour","All taxes and levies included","Euro","0.1684",""
"2009S2","Spain","Electrical energy","Band DC : 2 500 kWh < Consumption < 5 000 kWh","Kilowatt-hour","All taxes and levies included","Purchasing Power Standard","0.1786",""
"2009S2","Spain","Electrical energy","Band DC : 2 500 kWh < Consumption < 5 000 kWh","Kilowatt-hour","All taxes and levies included","National currency","0.1684",""
"2010S1","Spain","Electrical energy","Band DC : 2 500 kWh < Consumption < 5 000 kWh","Kilowatt-hour","Excluding taxes and levies","Euro","0.1417",""
"2010S1","Spain","Electrical energy","Band DC : 2 500 kWh < Consumption < 5 000 kWh","Kilowatt-hour","Excluding taxes and levies","Purchasing Power Standard","0.1508",""
"2010S1","Spain","Electrical energy","Band DC : 2 500 kWh < Consumption < 5 000 kWh","Kilowatt-hour","Excluding taxes and levies","National currency","0.1417",""
"2010S1","Spain","Electrical energy","Band DC : 2 500 kWh < Consumption < 5 000 kWh","Kilowatt-hour","Excluding VAT and other recoverable taxes and levies","Euro","0.1490",""
"2010S1","Spain","Electrical energy","Band DC : 2 500 kWh < Consumption < 5 000 kWh","Kilowatt-hour","Excluding VAT and other recoverable taxes and levies","Purchasing Power Standard","0.1585",""
"2010S1","Spain","Electrical energy","Band DC : 2 500 kWh < Consumption < 5 000 kWh","Kilowatt-hour","Excluding VAT and other recoverable taxes and levies","National currency","0.1490",""
"2010S1","Spain","Electrical energy","Band DC : 2 500 kWh < Consumption < 5 000 kWh","Kilowatt-hour","All taxes and levies included","Euro","0.1728",""
"2010S1","Spain","Electrical energy","Band DC : 2 500 kWh < Consumption < 5 000 kWh","Kilowatt-hour","All taxes and levies included","Purchasing Power Standard","0.1839",""
"2010S1","Spain","Electrical energy","Band DC : 2 500 kWh < Consumption < 5 000 kWh","Kilowatt-hour","All taxes and levies included","National currency","0.1728",""
"2010S2","Spain","Electrical energy","Band DC : 2 500 kWh < Consumption < 5 000 kWh","Kilowatt-hour","Excluding taxes and levies","Euro","0.1492",""
"2010S2","Spain","Electrical energy","Band DC : 2 500 kWh < Consumption < 5 000 kWh","Kilowatt-hour","Excluding taxes and levies","Purchasing Power Standard","0.1588",""
"2010S2","Spain","Electrical energy","Band DC : 2 500 kWh < Consumption < 5 000 kWh","Kilowatt-hour","Excluding taxes and levies","National currency","0.1492",""
"2010S2","Spain","Electrical energy","Band DC : 2 500 kWh < Consumption < 5 000 kWh","Kilowatt-hour","Excluding VAT and other recoverable taxes and levies","Euro","0.1568",""
"2010S2","Spain","Electrical energy","Band DC : 2 500 kWh < Consumption < 5 000 kWh","Kilowatt-hour","Excluding VAT and other recoverable taxes and levies","Purchasing Power Standard","0.1668",""
"2010S2","Spain","Electrical energy","Band DC : 2 500 kWh < Consumption < 5 000 kWh","Kilowatt-hour","Excluding VAT and other recoverable taxes and levies","National currency","0.1568",""
"2010S2","Spain","Electrical energy","Band DC : 2 500 kWh < Consumption < 5 000 kWh","Kilowatt-hour","All taxes and levies included","Euro","0.1851",""
"2010S2","Spain","Electrical energy","Band DC : 2 500 kWh < Consumption < 5 000 kWh","Kilowatt-hour","All taxes and levies included","Purchasing Power Standard","0.1970",""
"2010S2","Spain","Electrical energy","Band DC : 2 500 kWh < Consumption < 5 000 kWh","Kilowatt-hour","All taxes and levies included","National currency","0.1851",""
"2011S1","Spain","Electrical energy","Band DC : 2 500 kWh < Consumption < 5 000 kWh","Kilowatt-hour","Excluding taxes and levies","Euro","0.1597",""
"2011S1","Spain","Electrical energy","Band DC : 2 500 kWh < Consumption < 5 000 kWh","Kilowatt-hour","Excluding taxes and levies","Purchasing Power Standard","0.1712",""
"2011S1","Spain","Electrical energy","Band DC : 2 500 kWh < Consumption < 5 000 kWh","Kilowatt-hour","Excluding taxes and levies","National currency","0.1597",""
"2011S1","Spain","Electrical energy","Band DC : 2 500 kWh < Consumption < 5 000 kWh","Kilowatt-hour","Excluding VAT and other recoverable taxes and levies","Euro","0.1679",""
"2011S1","Spain","Electrical energy","Band DC : 2 500 kWh < Consumption < 5 000 kWh","Kilowatt-hour","Excluding VAT and other recoverable taxes and levies","Purchasing Power Standard","0.1800",""
"2011S1","Spain","Electrical energy","Band DC : 2 500 kWh < Consumption < 5 000 kWh","Kilowatt-hour","Excluding VAT and other recoverable taxes and levies","National currency","0.1679",""
"2011S1","Spain","Electrical energy","Band DC : 2 500 kWh < Consumption < 5 000 kWh","Kilowatt-hour","All taxes and levies included","Euro","0.1981",""
"2011S1","Spain","Electrical energy","Band DC : 2 500 kWh < Consumption < 5 000 kWh","Kilowatt-hour","All taxes and levies included","Purchasing Power Standard","0.2123",""
"2011S1","Spain","Electrical energy","Band DC : 2 500 kWh < Consumption < 5 000 kWh","Kilowatt-hour","All taxes and levies included","National currency","0.1981",""
"2011S2","Spain","Electrical energy","Band DC : 2 500 kWh < Consumption < 5 000 kWh","Kilowatt-hour","Excluding taxes and levies","Euro","0.1684",""
"2011S2","Spain","Electrical energy","Band DC : 2 500 kWh < Consumption < 5 000 kWh","Kilowatt-hour","Excluding taxes and levies","Purchasing Power Standard","0.1805",""
"2011S2","Spain","Electrical energy","Band DC : 2 500 kWh < Consumption < 5 000 kWh","Kilowatt-hour","Excluding taxes and levies","National currency","0.1684",""
"2011S2","Spain","Electrical energy","Band DC : 2 500 kWh < Consumption < 5 000 kWh","Kilowatt-hour","Excluding VAT and other recoverable taxes and levies","Euro","0.1770",""
"2011S2","Spain","Electrical energy","Band DC : 2 500 kWh < Consumption < 5 000 kWh","Kilowatt-hour","Excluding VAT and other recoverable taxes and levies","Purchasing Power Standard","0.1897",""
"2011S2","Spain","Electrical energy","Band DC : 2 500 kWh < Consumption < 5 000 kWh","Kilowatt-hour","Excluding VAT and other recoverable taxes and levies","National currency","0.1770",""
"2011S2","Spain","Electrical energy","Band DC : 2 500 kWh < Consumption < 5 000 kWh","Kilowatt-hour","All taxes and levies included","Euro","0.2088",""
"2011S2","Spain","Electrical energy","Band DC : 2 500 kWh < Consumption < 5 000 kWh","Kilowatt-hour","All taxes and levies included","Purchasing Power Standard","0.2238",""
"2011S2","Spain","Electrical energy","Band DC : 2 500 kWh < Consumption < 5 000 kWh","Kilowatt-hour","All taxes and levies included","National currency","0.2088",""
"2012S1","Spain","Electrical energy","Band DC : 2 500 kWh < Consumption < 5 000 kWh","Kilowatt-hour","Excluding taxes and levies","Euro","0.1766",""
"2012S1","Spain","Electrical energy","Band DC : 2 500 kWh < Consumption < 5 000 kWh","Kilowatt-hour","Excluding taxes and levies","Purchasing Power Standard","0.1951",""
"2012S1","Spain","Electrical energy","Band DC : 2 500 kWh < Consumption < 5 000 kWh","Kilowatt-hour","Excluding taxes and levies","National currency","0.1766",""
"2012S1","Spain","Electrical energy","Band DC : 2 500 kWh < Consumption < 5 000 kWh","Kilowatt-hour","Excluding VAT and other recoverable taxes and levies","Euro","0.1856",""
"2012S1","Spain","Electrical energy","Band DC : 2 500 kWh < Consumption < 5 000 kWh","Kilowatt-hour","Excluding VAT and other recoverable taxes and levies","Purchasing Power Standard","0.2051",""
"2012S1","Spain","Electrical energy","Band DC : 2 500 kWh < Consumption < 5 000 kWh","Kilowatt-hour","Excluding VAT and other recoverable taxes and levies","National currency","0.1856",""
"2012S1","Spain","Electrical energy","Band DC : 2 500 kWh < Consumption < 5 000 kWh","Kilowatt-hour","All taxes and levies included","Euro","0.2190",""
"2012S1","Spain","Electrical energy","Band DC : 2 500 kWh < Consumption < 5 000 kWh","Kilowatt-hour","All taxes and levies included","Purchasing Power Standard","0.2420",""
"2012S1","Spain","Electrical energy","Band DC : 2 500 kWh < Consumption < 5 000 kWh","Kilowatt-hour","All taxes and levies included","National currency","0.2190",""
"2012S2","Spain","Electrical energy","Band DC : 2 500 kWh < Consumption < 5 000 kWh","Kilowatt-hour","Excluding taxes and levies","Euro","0.1789",""
"2012S2","Spain","Electrical energy","Band DC : 2 500 kWh < Consumption < 5 000 kWh","Kilowatt-hour","Excluding taxes and levies","Purchasing Power Standard","0.1977",""
"2012S2","Spain","Electrical energy","Band DC : 2 500 kWh < Consumption < 5 000 kWh","Kilowatt-hour","Excluding taxes and levies","National currency","0.1789",""
"2012S2","Spain","Electrical energy","Band DC : 2 500 kWh < Consumption < 5 000 kWh","Kilowatt-hour","Excluding VAT and other recoverable taxes and levies","Euro","0.1880",""
"2012S2","Spain","Electrical energy","Band DC : 2 500 kWh < Consumption < 5 000 kWh","Kilowatt-hour","Excluding VAT and other recoverable taxes and levies","Purchasing Power Standard","0.2077",""
"2012S2","Spain","Electrical energy","Band DC : 2 500 kWh < Consumption < 5 000 kWh","Kilowatt-hour","Excluding VAT and other recoverable taxes and levies","National currency","0.1880",""
"2012S2","Spain","Electrical energy","Band DC : 2 500 kWh < Consumption < 5 000 kWh","Kilowatt-hour","All taxes and levies included","Euro","0.2275",""
"2012S2","Spain","Electrical energy","Band DC : 2 500 kWh < Consumption < 5 000 kWh","Kilowatt-hour","All taxes and levies included","Purchasing Power Standard","0.2513",""
"2012S2","Spain","Electrical energy","Band DC : 2 500 kWh < Consumption < 5 000 kWh","Kilowatt-hour","All taxes and levies included","National currency","0.2275",""
"2013S1","Spain","Electrical energy","Band DC : 2 500 kWh < Consumption < 5 000 kWh","Kilowatt-hour","Excluding taxes and levies","Euro","0.1752",""
"2013S1","Spain","Electrical energy","Band DC : 2 500 kWh < Consumption < 5 000 kWh","Kilowatt-hour","Excluding taxes and levies","Purchasing Power Standard","0.1945",""
"2013S1","Spain","Electrical energy","Band DC : 2 500 kWh < Consumption < 5 000 kWh","Kilowatt-hour","Excluding taxes and levies","National currency","0.1752",""
"2013S1","Spain","Electrical energy","Band DC : 2 500 kWh < Consumption < 5 000 kWh","Kilowatt-hour","Excluding VAT and other recoverable taxes and levies","Euro","0.1841",""
"2013S1","Spain","Electrical energy","Band DC : 2 500 kWh < Consumption < 5 000 kWh","Kilowatt-hour","Excluding VAT and other recoverable taxes and levies","Purchasing Power Standard","0.2044",""
"2013S1","Spain","Electrical energy","Band DC : 2 500 kWh < Consumption < 5 000 kWh","Kilowatt-hour","Excluding VAT and other recoverable taxes and levies","National currency","0.1841",""
"2013S1","Spain","Electrical energy","Band DC : 2 500 kWh < Consumption < 5 000 kWh","Kilowatt-hour","All taxes and levies included","Euro","0.2228",""
"2013S1","Spain","Electrical energy","Band DC : 2 500 kWh < Consumption < 5 000 kWh","Kilowatt-hour","All taxes and levies included","Purchasing Power Standard","0.2474",""
"2013S1","Spain","Electrical energy","Band DC : 2 500 kWh < Consumption < 5 000 kWh","Kilowatt-hour","All taxes and levies included","National currency","0.2228",""
"2013S2","Spain","Electrical energy","Band DC : 2 500 kWh < Consumption < 5 000 kWh","Kilowatt-hour","Excluding taxes and levies","Euro","0.1787",""
"2013S2","Spain","Electrical energy","Band DC : 2 500 kWh < Consumption < 5 000 kWh","Kilowatt-hour","Excluding taxes and levies","Purchasing Power Standard","0.1984",""
"2013S2","Spain","Electrical energy","Band DC : 2 500 kWh < Consumption < 5 000 kWh","Kilowatt-hour","Excluding taxes and levies","National currency","0.1787",""
"2013S2","Spain","Electrical energy","Band DC : 2 500 kWh < Consumption < 5 000 kWh","Kilowatt-hour","Excluding VAT and other recoverable taxes and levies","Euro","0.1878",""
"2013S2","Spain","Electrical energy","Band DC : 2 500 kWh < Consumption < 5 000 kWh","Kilowatt-hour","Excluding VAT and other recoverable taxes and levies","Purchasing Power Standard","0.2085",""
"2013S2","Spain","Electrical energy","Band DC : 2 500 kWh < Consumption < 5 000 kWh","Kilowatt-hour","Excluding VAT and other recoverable taxes and levies","National currency","0.1878",""
"2013S2","Spain","Electrical energy","Band DC : 2 500 kWh < Consumption < 5 000 kWh","Kilowatt-hour","All taxes and levies included","Euro","0.2273",""
"2013S2","Spain","Electrical energy","Band DC : 2 500 kWh < Consumption < 5 000 kWh","Kilowatt-hour","All taxes and levies included","Purchasing Power Standard","0.2524",""
"2013S2","Spain","Electrical energy","Band DC : 2 500 kWh < Consumption < 5 000 kWh","Kilowatt-hour","All taxes and levies included","National currency","0.2273",""
"2014S1","Spain","Electrical energy","Band DC : 2 500 kWh < Consumption < 5 000 kWh","Kilowatt-hour","Excluding taxes and levies","Euro","0.1702",""
"2014S1","Spain","Electrical energy","Band DC : 2 500 kWh < Consumption < 5 000 kWh","Kilowatt-hour","Excluding taxes and levies","Purchasing Power Standard","0.1903",""
"2014S1","Spain","Electrical energy","Band DC : 2 500 kWh < Consumption < 5 000 kWh","Kilowatt-hour","Excluding taxes and levies","National currency","0.1702",""
"2014S1","Spain","Electrical energy","Band DC : 2 500 kWh < Consumption < 5 000 kWh","Kilowatt-hour","Excluding VAT and other recoverable taxes and levies","Euro","0.1789",""
"2014S1","Spain","Electrical energy","Band DC : 2 500 kWh < Consumption < 5 000 kWh","Kilowatt-hour","Excluding VAT and other recoverable taxes and levies","Purchasing Power Standard","0.2000",""
"2014S1","Spain","Electrical energy","Band DC : 2 500 kWh < Consumption < 5 000 kWh","Kilowatt-hour","Excluding VAT and other recoverable taxes and levies","National currency","0.1789",""
"2014S1","Spain","Electrical energy","Band DC : 2 500 kWh < Consumption < 5 000 kWh","Kilowatt-hour","All taxes and levies included","Euro","0.2165",""
"2014S1","Spain","Electrical energy","Band DC : 2 500 kWh < Consumption < 5 000 kWh","Kilowatt-hour","All taxes and levies included","Purchasing Power Standard","0.2420",""
"2014S1","Spain","Electrical energy","Band DC : 2 500 kWh < Consumption < 5 000 kWh","Kilowatt-hour","All taxes and levies included","National currency","0.2165",""
"2014S2","Spain","Electrical energy","Band DC : 2 500 kWh < Consumption < 5 000 kWh","Kilowatt-hour","Excluding taxes and levies","Euro","0.1861",""
"2014S2","Spain","Electrical energy","Band DC : 2 500 kWh < Consumption < 5 000 kWh","Kilowatt-hour","Excluding taxes and levies","Purchasing Power Standard","0.2081",""
"2014S2","Spain","Electrical energy","Band DC : 2 500 kWh < Consumption < 5 000 kWh","Kilowatt-hour","Excluding taxes and levies","National currency","0.1861",""
"2014S2","Spain","Electrical energy","Band DC : 2 500 kWh < Consumption < 5 000 kWh","Kilowatt-hour","Excluding VAT and other recoverable taxes and levies","Euro","0.1956",""
"2014S2","Spain","Electrical energy","Band DC : 2 500 kWh < Consumption < 5 000 kWh","Kilowatt-hour","Excluding VAT and other recoverable taxes and levies","Purchasing Power Standard","0.2187",""
"2014S2","Spain","Electrical energy","Band DC : 2 500 kWh < Consumption < 5 000 kWh","Kilowatt-hour","Excluding VAT and other recoverable taxes and levies","National currency","0.1956",""
"2014S2","Spain","Electrical energy","Band DC : 2 500 kWh < Consumption < 5 000 kWh","Kilowatt-hour","All taxes and levies included","Euro","0.2367",""
"2014S2","Spain","Electrical energy","Band DC : 2 500 kWh < Consumption < 5 000 kWh","Kilowatt-hour","All taxes and levies included","Purchasing Power Standard","0.2646",""
"2014S2","Spain","Electrical energy","Band DC : 2 500 kWh < Consumption < 5 000 kWh","Kilowatt-hour","All taxes and levies included","National currency","0.2367",""
"2015S1","Spain","Electrical energy","Band DC : 2 500 kWh < Consumption < 5 000 kWh","Kilowatt-hour","Excluding taxes and levies","Euro","0.1815",""
"2015S1","Spain","Electrical energy","Band DC : 2 500 kWh < Consumption < 5 000 kWh","Kilowatt-hour","Excluding taxes and levies","Purchasing Power Standard","0.2029",""
"2015S1","Spain","Electrical energy","Band DC : 2 500 kWh < Consumption < 5 000 kWh","Kilowatt-hour","Excluding taxes and levies","National currency","0.1815",""
"2015S1","Spain","Electrical energy","Band DC : 2 500 kWh < Consumption < 5 000 kWh","Kilowatt-hour","Excluding VAT and other recoverable taxes and levies","Euro","0.1908",""
"2015S1","Spain","Electrical energy","Band DC : 2 500 kWh < Consumption < 5 000 kWh","Kilowatt-hour","Excluding VAT and other recoverable taxes and levies","Purchasing Power Standard","0.2133",""
"2015S1","Spain","Electrical energy","Band DC : 2 500 kWh < Consumption < 5 000 kWh","Kilowatt-hour","Excluding VAT and other recoverable taxes and levies","National currency","0.1908",""
"2015S1","Spain","Electrical energy","Band DC : 2 500 kWh < Consumption < 5 000 kWh","Kilowatt-hour","All taxes and levies included","Euro","0.2309",""
"2015S1","Spain","Electrical energy","Band DC : 2 500 kWh < Consumption < 5 000 kWh","Kilowatt-hour","All taxes and levies included","Purchasing Power Standard","0.2581",""
"2015S1","Spain","Electrical energy","Band DC : 2 500 kWh < Consumption < 5 000 kWh","Kilowatt-hour","All taxes and levies included","National currency","0.2309",""
"2015S2","Spain","Electrical energy","Band DC : 2 500 kWh < Consumption < 5 000 kWh","Kilowatt-hour","Excluding taxes and levies","Euro","0.1864",""
"2015S2","Spain","Electrical energy","Band DC : 2 500 kWh < Consumption < 5 000 kWh","Kilowatt-hour","Excluding taxes and levies","Purchasing Power Standard","0.2082",""
"2015S2","Spain","Electrical energy","Band DC : 2 500 kWh < Consumption < 5 000 kWh","Kilowatt-hour","Excluding taxes and levies","National currency","0.1864",""
"2015S2","Spain","Electrical energy","Band DC : 2 500 kWh < Consumption < 5 000 kWh","Kilowatt-hour","Excluding VAT and other recoverable taxes and levies","Euro","0.1959",""
"2015S2","Spain","Electrical energy","Band DC : 2 500 kWh < Consumption < 5 000 kWh","Kilowatt-hour","Excluding VAT and other recoverable taxes and levies","Purchasing Power Standard","0.2188",""
"2015S2","Spain","Electrical energy","Band DC : 2 500 kWh < Consumption < 5 000 kWh","Kilowatt-hour","Excluding VAT and other recoverable taxes and levies","National currency","0.1959",""
"2015S2","Spain","Electrical energy","Band DC : 2 500 kWh < Consumption < 5 000 kWh","Kilowatt-hour","All taxes and levies included","Euro","0.2370",""
"2015S2","Spain","Electrical energy","Band DC : 2 500 kWh < Consumption < 5 000 kWh","Kilowatt-hour","All taxes and levies included","Purchasing Power Standard","0.2647",""
"2015S2","Spain","Electrical energy","Band DC : 2 500 kWh < Consumption < 5 000 kWh","Kilowatt-hour","All taxes and levies included","National currency","0.2370",""
"2016S1","Spain","Electrical energy","Band DC : 2 500 kWh < Consumption < 5 000 kWh","Kilowatt-hour","Excluding taxes and levies","Euro","0.1718",""
"2016S1","Spain","Electrical energy","Band DC : 2 500 kWh < Consumption < 5 000 kWh","Kilowatt-hour","Excluding taxes and levies","Purchasing Power Standard","0.1941",""
"2016S1","Spain","Electrical energy","Band DC : 2 500 kWh < Consumption < 5 000 kWh","Kilowatt-hour","Excluding taxes and levies","National currency","0.1718",""
"2016S1","Spain","Electrical energy","Band DC : 2 500 kWh < Consumption < 5 000 kWh","Kilowatt-hour","Excluding VAT and other recoverable taxes and levies","Euro","0.1806",""
"2016S1","Spain","Electrical energy","Band DC : 2 500 kWh < Consumption < 5 000 kWh","Kilowatt-hour","Excluding VAT and other recoverable taxes and levies","Purchasing Power Standard","0.2040",""
"2016S1","Spain","Electrical energy","Band DC : 2 500 kWh < Consumption < 5 000 kWh","Kilowatt-hour","Excluding VAT and other recoverable taxes and levies","National currency","0.1806",""
"2016S1","Spain","Electrical energy","Band DC : 2 500 kWh < Consumption < 5 000 kWh","Kilowatt-hour","All taxes and levies included","Euro","0.2185",""
"2016S1","Spain","Electrical energy","Band DC : 2 500 kWh < Consumption < 5 000 kWh","Kilowatt-hour","All taxes and levies included","Purchasing Power Standard","0.2468",""
"2016S1","Spain","Electrical energy","Band DC : 2 500 kWh < Consumption < 5 000 kWh","Kilowatt-hour","All taxes and levies included","National currency","0.2185",""
"2016S2","Spain","Electrical energy","Band DC : 2 500 kWh < Consumption < 5 000 kWh","Kilowatt-hour","Excluding taxes and levies","Euro","0.1796",""
"2016S2","Spain","Electrical energy","Band DC : 2 500 kWh < Consumption < 5 000 kWh","Kilowatt-hour","Excluding taxes and levies","Purchasing Power Standard","0.2009",""
"2016S2","Spain","Electrical energy","Band DC : 2 500 kWh < Consumption < 5 000 kWh","Kilowatt-hour","Excluding taxes and levies","National currency","0.1796",""
"2016S2","Spain","Electrical energy","Band DC : 2 500 kWh < Consumption < 5 000 kWh","Kilowatt-hour","Excluding VAT and other recoverable taxes and levies","Euro","0.1887",""
"2016S2","Spain","Electrical energy","Band DC : 2 500 kWh < Consumption < 5 000 kWh","Kilowatt-hour","Excluding VAT and other recoverable taxes and levies","Purchasing Power Standard","0.2110",""
"2016S2","Spain","Electrical energy","Band DC : 2 500 kWh < Consumption < 5 000 kWh","Kilowatt-hour","Excluding VAT and other recoverable taxes and levies","National currency","0.1887",""
"2016S2","Spain","Electrical energy","Band DC : 2 500 kWh < Consumption < 5 000 kWh","Kilowatt-hour","All taxes and levies included","Euro","0.2284",""
"2016S2","Spain","Electrical energy","Band DC : 2 500 kWh < Consumption < 5 000 kWh","Kilowatt-hour","All taxes and levies included","Purchasing Power Standard","0.2555",""
"2016S2","Spain","Electrical energy","Band DC : 2 500 kWh < Consumption < 5 000 kWh","Kilowatt-hour","All taxes and levies included","National currency","0.2284",""
"2017S1","Spain","Electrical energy","Band DC : 2 500 kWh < Consumption < 5 000 kWh","Kilowatt-hour","Excluding taxes and levies","Euro","0.1805",""
"2017S1","Spain","Electrical energy","Band DC : 2 500 kWh < Consumption < 5 000 kWh","Kilowatt-hour","Excluding taxes and levies","Purchasing Power Standard","0.1965",""
"2017S1","Spain","Electrical energy","Band DC : 2 500 kWh < Consumption < 5 000 kWh","Kilowatt-hour","Excluding taxes and levies","National currency","0.1805",""
"2017S1","Spain","Electrical energy","Band DC : 2 500 kWh < Consumption < 5 000 kWh","Kilowatt-hour","Excluding VAT and other recoverable taxes and levies","Euro","0.1898",""
"2017S1","Spain","Electrical energy","Band DC : 2 500 kWh < Consumption < 5 000 kWh","Kilowatt-hour","Excluding VAT and other recoverable taxes and levies","Purchasing Power Standard","0.2066",""
"2017S1","Spain","Electrical energy","Band DC : 2 500 kWh < Consumption < 5 000 kWh","Kilowatt-hour","Excluding VAT and other recoverable taxes and levies","National currency","0.1898",""
"2017S1","Spain","Electrical energy","Band DC : 2 500 kWh < Consumption < 5 000 kWh","Kilowatt-hour","All taxes and levies included","Euro","0.2296",""
"2017S1","Spain","Electrical energy","Band DC : 2 500 kWh < Consumption < 5 000 kWh","Kilowatt-hour","All taxes and levies included","Purchasing Power Standard","0.2499",""
"2017S1","Spain","Electrical energy","Band DC : 2 500 kWh < Consumption < 5 000 kWh","Kilowatt-hour","All taxes and levies included","National currency","0.2296",""
"2017S2","Spain","Electrical energy","Band DC : 2 500 kWh < Consumption < 5 000 kWh","Kilowatt-hour","Excluding taxes and levies","Euro","0.1712",""
"2017S2","Spain","Electrical energy","Band DC : 2 500 kWh < Consumption < 5 000 kWh","Kilowatt-hour","Excluding taxes and levies","Purchasing Power Standard","0.1864",""
"2017S2","Spain","Electrical energy","Band DC : 2 500 kWh < Consumption < 5 000 kWh","Kilowatt-hour","Excluding taxes and levies","National currency","0.1712",""
"2017S2","Spain","Electrical energy","Band DC : 2 500 kWh < Consumption < 5 000 kWh","Kilowatt-hour","Excluding VAT and other recoverable taxes and levies","Euro","0.1799",""
"2017S2","Spain","Electrical energy","Band DC : 2 500 kWh < Consumption < 5 000 kWh","Kilowatt-hour","Excluding VAT and other recoverable taxes and levies","Purchasing Power Standard","0.1958",""
"2017S2","Spain","Electrical energy","Band DC : 2 500 kWh < Consumption < 5 000 kWh","Kilowatt-hour","Excluding VAT and other recoverable taxes and levies","National currency","0.1799",""
"2017S2","Spain","Electrical energy","Band DC : 2 500 kWh < Consumption < 5 000 kWh","Kilowatt-hour","All taxes and levies included","Euro","0.2177",""
"2017S2","Spain","Electrical energy","Band DC : 2 500 kWh < Consumption < 5 000 kWh","Kilowatt-hour","All taxes and levies included","Purchasing Power Standard","0.2370",""
"2017S2","Spain","Electrical energy","Band DC : 2 500 kWh < Consumption < 5 000 kWh","Kilowatt-hour","All taxes and levies included","National currency","0.2177",""
"2018S1","Spain","Electrical energy","Band DC : 2 500 kWh < Consumption < 5 000 kWh","Kilowatt-hour","Excluding taxes and levies","Euro","0.1873",""
"2018S1","Spain","Electrical energy","Band DC : 2 500 kWh < Consumption < 5 000 kWh","Kilowatt-hour","Excluding taxes and levies","Purchasing Power Standard","0.2010",""
"2018S1","Spain","Electrical energy","Band DC : 2 500 kWh < Consumption < 5 000 kWh","Kilowatt-hour","Excluding taxes and levies","National currency","0.1873",""
"2018S1","Spain","Electrical energy","Band DC : 2 500 kWh < Consumption < 5 000 kWh","Kilowatt-hour","Excluding VAT and other recoverable taxes and levies","Euro","0.1969",""
"2018S1","Spain","Electrical energy","Band DC : 2 500 kWh < Consumption < 5 000 kWh","Kilowatt-hour","Excluding VAT and other recoverable taxes and levies","Purchasing Power Standard","0.2112",""
"2018S1","Spain","Electrical energy","Band DC : 2 500 kWh < Consumption < 5 000 kWh","Kilowatt-hour","Excluding VAT and other recoverable taxes and levies","National currency","0.1969",""
"2018S1","Spain","Electrical energy","Band DC : 2 500 kWh < Consumption < 5 000 kWh","Kilowatt-hour","All taxes and levies included","Euro","0.2383",""
"2018S1","Spain","Electrical energy","Band DC : 2 500 kWh < Consumption < 5 000 kWh","Kilowatt-hour","All taxes and levies included","Purchasing Power Standard","0.2557",""
"2018S1","Spain","Electrical energy","Band DC : 2 500 kWh < Consumption < 5 000 kWh","Kilowatt-hour","All taxes and levies included","National currency","0.2383",""
"2018S2","Spain","Electrical energy","Band DC : 2 500 kWh < Consumption < 5 000 kWh","Kilowatt-hour","Excluding taxes and levies","Euro","0.1947",""
"2018S2","Spain","Electrical energy","Band DC : 2 500 kWh < Consumption < 5 000 kWh","Kilowatt-hour","Excluding taxes and levies","Purchasing Power Standard","0.2089",""
"2018S2","Spain","Electrical energy","Band DC : 2 500 kWh < Consumption < 5 000 kWh","Kilowatt-hour","Excluding taxes and levies","National currency","0.1947",""
"2018S2","Spain","Electrical energy","Band DC : 2 500 kWh < Consumption < 5 000 kWh","Kilowatt-hour","Excluding VAT and other recoverable taxes and levies","Euro","0.2047",""
"2018S2","Spain","Electrical energy","Band DC : 2 500 kWh < Consumption < 5 000 kWh","Kilowatt-hour","Excluding VAT and other recoverable taxes and levies","Purchasing Power Standard","0.2196",""
"2018S2","Spain","Electrical energy","Band DC : 2 500 kWh < Consumption < 5 000 kWh","Kilowatt-hour","Excluding VAT and other recoverable taxes and levies","National currency","0.2047",""
"2018S2","Spain","Electrical energy","Band DC : 2 500 kWh < Consumption < 5 000 kWh","Kilowatt-hour","All taxes and levies included","Euro","0.2477",""
"2018S2","Spain","Electrical energy","Band DC : 2 500 kWh < Consumption < 5 000 kWh","Kilowatt-hour","All taxes and levies included","Purchasing Power Standard","0.2658",""
"2018S2","Spain","Electrical energy","Band DC : 2 500 kWh < Consumption < 5 000 kWh","Kilowatt-hour","All taxes and levies included","National currency","0.2477",""
"2019S1","Spain","Electrical energy","Band DC : 2 500 kWh < Consumption < 5 000 kWh","Kilowatt-hour","Excluding taxes and levies","Euro","0.1326","d"
"2019S1","Spain","Electrical energy","Band DC : 2 500 kWh < Consumption < 5 000 kWh","Kilowatt-hour","Excluding taxes and levies","Purchasing Power Standard","0.1423","d"
"2019S1","Spain","Electrical energy","Band DC : 2 500 kWh < Consumption < 5 000 kWh","Kilowatt-hour","Excluding taxes and levies","National currency","0.1326","d"
"2019S1","Spain","Electrical energy","Band DC : 2 500 kWh < Consumption < 5 000 kWh","Kilowatt-hour","Excluding VAT and other recoverable taxes and levies","Euro","0.1986",""
"2019S1","Spain","Electrical energy","Band DC : 2 500 kWh < Consumption < 5 000 kWh","Kilowatt-hour","Excluding VAT and other recoverable taxes and levies","Purchasing Power Standard","0.2131",""
"2019S1","Spain","Electrical energy","Band DC : 2 500 kWh < Consumption < 5 000 kWh","Kilowatt-hour","Excluding VAT and other recoverable taxes and levies","National currency","0.1986",""
"2019S1","Spain","Electrical energy","Band DC : 2 500 kWh < Consumption < 5 000 kWh","Kilowatt-hour","All taxes and levies included","Euro","0.2403",""
"2019S1","Spain","Electrical energy","Band DC : 2 500 kWh < Consumption < 5 000 kWh","Kilowatt-hour","All taxes and levies included","Purchasing Power Standard","0.2578",""
"2019S1","Spain","Electrical energy","Band DC : 2 500 kWh < Consumption < 5 000 kWh","Kilowatt-hour","All taxes and levies included","National currency","0.2403",""
"2019S2","Spain","Electrical energy","Band DC : 2 500 kWh < Consumption < 5 000 kWh","Kilowatt-hour","Excluding taxes and levies","Euro","0.1287",""
"2019S2","Spain","Electrical energy","Band DC : 2 500 kWh < Consumption < 5 000 kWh","Kilowatt-hour","Excluding taxes and levies","Purchasing Power Standard","0.1381",""
"2019S2","Spain","Electrical energy","Band DC : 2 500 kWh < Consumption < 5 000 kWh","Kilowatt-hour","Excluding taxes and levies","National currency","0.1287",""
"2019S2","Spain","Electrical energy","Band DC : 2 500 kWh < Consumption < 5 000 kWh","Kilowatt-hour","Excluding VAT and other recoverable taxes and levies","Euro","0.1978",""
"2019S2","Spain","Electrical energy","Band DC : 2 500 kWh < Consumption < 5 000 kWh","Kilowatt-hour","Excluding VAT and other recoverable taxes and levies","Purchasing Power Standard","0.2122",""
"2019S2","Spain","Electrical energy","Band DC : 2 500 kWh < Consumption < 5 000 kWh","Kilowatt-hour","Excluding VAT and other recoverable taxes and levies","National currency","0.1978",""
"2019S2","Spain","Electrical energy","Band DC : 2 500 kWh < Consumption < 5 000 kWh","Kilowatt-hour","All taxes and levies included","Euro","0.2394",""
"2019S2","Spain","Electrical energy","Band DC : 2 500 kWh < Consumption < 5 000 kWh","Kilowatt-hour","All taxes and levies included","Purchasing Power Standard","0.2568",""
"2019S2","Spain","Electrical energy","Band DC : 2 500 kWh < Consumption < 5 000 kWh","Kilowatt-hour","All taxes and levies included","National currency","0.2394",""
"2020S1","Spain","Electrical energy","Band DC : 2 500 kWh < Consumption < 5 000 kWh","Kilowatt-hour","Excluding taxes and levies","Euro","0.1178",""
"2020S1","Spain","Electrical energy","Band DC : 2 500 kWh < Consumption < 5 000 kWh","Kilowatt-hour","Excluding taxes and levies","Purchasing Power Standard","0.1264",""
"2020S1","Spain","Electrical energy","Band DC : 2 500 kWh < Consumption < 5 000 kWh","Kilowatt-hour","Excluding taxes and levies","National currency","0.1178",""
"2020S1","Spain","Electrical energy","Band DC : 2 500 kWh < Consumption < 5 000 kWh","Kilowatt-hour","Excluding VAT and other recoverable taxes and levies","Euro","0.1851",""
"2020S1","Spain","Electrical energy","Band DC : 2 500 kWh < Consumption < 5 000 kWh","Kilowatt-hour","Excluding VAT and other recoverable taxes and levies","Purchasing Power Standard","0.1986",""
"2020S1","Spain","Electrical energy","Band DC : 2 500 kWh < Consumption < 5 000 kWh","Kilowatt-hour","Excluding VAT and other recoverable taxes and levies","National currency","0.1851",""
"2020S1","Spain","Electrical energy","Band DC : 2 500 kWh < Consumption < 5 000 kWh","Kilowatt-hour","All taxes and levies included","Euro","0.2239",""
"2020S1","Spain","Electrical energy","Band DC : 2 500 kWh < Consumption < 5 000 kWh","Kilowatt-hour","All taxes and levies included","Purchasing Power Standard","0.2402",""
"2020S1","Spain","Electrical energy","Band DC : 2 500 kWh < Consumption < 5 000 kWh","Kilowatt-hour","All taxes and levies included","National currency","0.2239",""
"2020S2","Spain","Electrical energy","Band DC : 2 500 kWh < Consumption < 5 000 kWh","Kilowatt-hour","Excluding taxes and levies","Euro","0.1260",""
"2020S2","Spain","Electrical energy","Band DC : 2 500 kWh < Consumption < 5 000 kWh","Kilowatt-hour","Excluding taxes and levies","Purchasing Power Standard","0.1352",""
"2020S2","Spain","Electrical energy","Band DC : 2 500 kWh < Consumption < 5 000 kWh","Kilowatt-hour","Excluding taxes and levies","National currency","0.1260",""
"2020S2","Spain","Electrical energy","Band DC : 2 500 kWh < Consumption < 5 000 kWh","Kilowatt-hour","Excluding VAT and other recoverable taxes and levies","Euro","0.1899",""
"2020S2","Spain","Electrical energy","Band DC : 2 500 kWh < Consumption < 5 000 kWh","Kilowatt-hour","Excluding VAT and other recoverable taxes and levies","Purchasing Power Standard","0.2037",""
"2020S2","Spain","Electrical energy","Band DC : 2 500 kWh < Consumption < 5 000 kWh","Kilowatt-hour","Excluding VAT and other recoverable taxes and levies","National currency","0.1899",""
"2020S2","Spain","Electrical energy","Band DC : 2 500 kWh < Consumption < 5 000 kWh","Kilowatt-hour","All taxes and levies included","Euro","0.2298",""
"2020S2","Spain","Electrical energy","Band DC : 2 500 kWh < Consumption < 5 000 kWh","Kilowatt-hour","All taxes and levies included","Purchasing Power Standard","0.2465",""
"2020S2","Spain","Electrical energy","Band DC : 2 500 kWh < Consumption < 5 000 kWh","Kilowatt-hour","All taxes and levies included","National currency","0.2298",""
"2021S1","Spain","Electrical energy","Band DC : 2 500 kWh < Consumption < 5 000 kWh","Kilowatt-hour","Excluding taxes and levies","Euro","0.1358",""
"2021S1","Spain","Electrical energy","Band DC : 2 500 kWh < Consumption < 5 000 kWh","Kilowatt-hour","Excluding taxes and levies","Purchasing Power Standard","0.1468",""
"2021S1","Spain","Electrical energy","Band DC : 2 500 kWh < Consumption < 5 000 kWh","Kilowatt-hour","Excluding taxes and levies","National currency","0.1358",""
"2021S1","Spain","Electrical energy","Band DC : 2 500 kWh < Consumption < 5 000 kWh","Kilowatt-hour","Excluding VAT and other recoverable taxes and levies","Euro","0.1920",""
"2021S1","Spain","Electrical energy","Band DC : 2 500 kWh < Consumption < 5 000 kWh","Kilowatt-hour","Excluding VAT and other recoverable taxes and levies","Purchasing Power Standard","0.2076",""
"2021S1","Spain","Electrical energy","Band DC : 2 500 kWh < Consumption < 5 000 kWh","Kilowatt-hour","Excluding VAT and other recoverable taxes and levies","National currency","0.1920",""
"2021S1","Spain","Electrical energy","Band DC : 2 500 kWh < Consumption < 5 000 kWh","Kilowatt-hour","All taxes and levies included","Euro","0.2323",""
"2021S1","Spain","Electrical energy","Band DC : 2 500 kWh < Consumption < 5 000 kWh","Kilowatt-hour","All taxes and levies included","Purchasing Power Standard","0.2512",""
"2021S1","Spain","Electrical energy","Band DC : 2 500 kWh < Consumption < 5 000 kWh","Kilowatt-hour","All taxes and levies included","National currency","0.2323",""
